{
  "metadata": {
    "name": "qidian home",
    "author": "bqy",
    "version": 2,
    "source": "https://www.qidian.com",
    "regexp": "(book|m|www)\\.qidian\\.com/(info|book)/(.*?)",
    "description": "xem bình luận qidiantu.com",
    "locale": "zh_CN",
    "language": "javascript",
    "type": "chinese_novel"
  },
  "script": {
    "detail": "detail.js",
    "toc": "toc.js",
    "chap": "chap.js",
    "home": "home.js",
    "search": "search.js",
    "genre": "genre.js"
  }
}