{
    "metadata": {
        "name": "STV Home",
        "author": "bqy",
        "version": 3,
        "source": "https://sangtacviet.com",
        "regexp": "(www.)?sangtacviet.com/truyen/([a-zA-Z0-9])+/\\d+/\\d+/?$",
        "description": "",
        "locale": "vi_VN",
        "type": "novel",
        "language": "javascript"
        
    },
    "script": {
        "home": "home.js",
        "genre": "genre.js",
        "search": "search.js",
        "detail": "detail.js",
        "toc": "toc.js",
        "chap": "chap.js"
    }
}