{
  "metadata": {
    "name": "69shu",
    "author": "hajljnopera",
    "version": 5,
    "source": "https://www.69xinshu.com",
    "regexp": "(www|m).(69shu|69xinshu)\\.com/(txt|book)/.*?\\.htm",
    "description": "Đọc truyện trên trang 69xinshu.com",
    "locale": "zh_CN",
    "language": "javascript",
    "type": "chinese_novel"
  },
  "script": {
    "home": "home.js",
    "detail": "detail.js",
    "toc": "toc.js",
    "chap": "chap.js",
    "genre": "genre.js",
    "search": "search.js"
  }
}